CO_HEI;HEI;Ownership;STUDENTS;ST_RESEARCH_GRANT;ST_COMPLETING;PUB_SC;PATENTS_UM;ST_DROPOUT;FACULTY;AGE;PHD;MA;PRES;GRAD;RESEARCH;FTE;FTNE;PART;HOUR;TEC;TEC_SUP;TEC_SPEC;TEC_MA;TEC_PHD;PORTAL_CAPES;VIRT_JOURNAL;VIRT_BOOK;VL_RECEITA_PROPRIA;VL_RECEITA_TRANSFERENCIA;VL_RECEITA_OUTRA;VL_RECEITA_TOTAL;VL_DESPESA_PESSOAL_DOCENTE;VL_DESPESA_PESSOAL_TECNICO;VL_DESPESA_PESSOAL_ENCARGO;VL_DESPESA_CUSTEIO;VL_DESPESA_INVESTIMENTO;VL_DESPESA_PESQUISA;VL_DESPESA_OUTRA;VL_DESPESA_TOTAL
0;FGV;Private;3898;213;630;1;0;217;521;48,8;456;57;444;284;299;131;171;146;70;331;132;95;38;11;7;897;9574;289762498,1;6543018,21;26741779,5;323047295,7;94825549,88;27429792,77;66817107,48;39308735,2;3318025,82;37230677,23;64081513,14;333011401,5
6;UFOP;Public;13330;266;1462;478;16;1365;970;43,4;719;215;839;394;382;694;165;8;0;750;162;221;165;27;1;5;9155;5137227,39;480029394,7;5793706,66;490960328,7;179174305;71774691,32;39850386,04;55064396,08;1061751,7;733199,99;143301589,6;490960319,7
7;UFSCAR;Public;14116;0;1690;1876;0;1267;1467;45,5;1322;101;1343;889;1340;1239;141;73;0;1017;226;324;191;81;1;0;714;4701589,94;13004126,19;680818510;698524226,1;195335071;130223380,6;94492272,81;63340506,76;11326086,61;424078,1;136708737,8;631850133,7
8;UFV;Public;15165;349;1935;1607;17;1531;1321;44,9;1075;179;1215;47;1016;1093;164;17;0;2202;322;839;288;74;1;128585;11159;7097929,31;949067784,5;1522767,28;957688481,1;362543596,9;0;118832921,8;140171062,3;32283186,48;1031012,33;5253594,9;660115374,7
17;UFU;Public;22363;274;2800;1148;27;1576;2043;44,7;1653;274;1865;757;1639;1650;275;29;0;1858;329;641;294;80;1;0;842;6713192,41;774753060,9;9250445,09;790716698,4;308585723,6;119916348,5;200936262;138147277,3;23131086,99;0;0;790716698,4
22;MACKENZIE SP;Private;33354;326;5401;6;0;1998;1169;52;745;402;1167;167;828;0;553;275;341;1820;467;255;62;11;1;51784;15909;808682955,2;0;47079852,32;855762807,6;222639306,8;194158508,1;107529455,2;0;248274059,7;47079702,2;216800064,3;1036481096
30;UNIFENAS;Private;9582;151;1336;41;0;587;371;45,1;156;181;371;40;67;0;201;147;23;419;81;58;24;5;1;31;8011;217963522;1018365,73;59886390,87;278868278,6;44356126,13;46876850,78;60048093,44;62842533,89;6627332,2;268222,09;46096699,42;267115858
54;Unicamp;Public;19672;2274;2880;5234;51;1243;1973;51,4;1922;23;1831;1964;1764;1769;9;150;0;3818;1648;588;223;124;1;51147;714758;0;1217083903;1530373,42;1218614276;691066411;299059768;135532299;86656817,49;366852,99;5932128;0;1218614276
55;USP;Public;63416;111;8785;15282;49;4600;6088;52,6;6008;77;5562;3474;5653;4974;585;471;0;9726;2839;1244;696;656;1;315;377423;267545833,8;5090366036;18057965,26;5375969836;1234616254;1455179507;1506251633;1089051591;38251675,33;0;26485730,55;5349836392
56;UNESP;Public;41093;2396;7162;5583;41;2668;3245;51,3;3207;26;3011;2039;3167;3089;1;134;0;5586;2165;1079;254;165;1;32;227574;226670171;2635005436;13540626;2875216233;1392230229;647180938;350775410;279071855;22517657;175341628;8098516;2875216233
107;UFSJ;Public;13104;670;1815;576;14;1484;899;43,6;719;120;830;332;686;773;97;8;0;540;104;249;97;6;1;10000;10000;905814,21;0;359137608,8;360043423;157373256,5;55283702,03;41170874,56;95198271,69;11017318,19;0;0;360043423
126;INATEL;Private;1508;215;261;140;0;137;73;45,8;26;37;70;0;10;0;37;20;16;697;383;112;48;3;1;1000000;0;115971759,7;0;22410424,5;138382184,2;10898219,31;9177447,84;8197506,54;28619589,21;8810821,42;1733277,14;64427950,6;131864812,1
135;CEUCLAR;Private;1560;0;338;0;0;168;157;43,7;52;83;85;1;1;0;57;82;17;443;223;74;9;2;0;3223;9603;124577537,2;3829573,64;8220769,8;136627880,7;16681083,15;21383433,51;17235937,54;529826,86;1399017,01;0;64940414,72;122169712,8
137;USC;Private;5674;73;1126;0;0;451;240;41,9;148;82;234;62;167;1;85;88;65;183;57;18;3;3;1;0;0;73681784,87;120310,46;5306359,84;79108455,17;21429956,47;8839745,27;3415549,96;33123017,79;2784745,71;39518,61;4886148,78;74518682,59
149;FAMERP;Public;683;63;89;100;0;13;269;59,5;153;70;263;57;50;9;111;143;0;221;110;8;2;7;1;38000;0;1634350,29;24185249,52;1457535,57;27277135,38;17587956;39838098,17;16462701,78;6179644,86;0;0;0;80068400,81
171;FDSM;Private;1350;20;216;0;0;112;38;48,6;13;22;37;10;15;2;11;15;10;96;29;10;0;0;1;35;7783;21786484,41;0;986654,03;22773138,44;8467123,6;4233561,8;4606468,31;3354504,3;0;164621,82;1402006,22;22228286,05
194;EEFTESM;Private;119;0;20;0;0;9;19;47,2;10;5;19;0;7;0;1;14;4;188;60;11;1;0;0;14230;7251;87211244,98;0;1508231,09;88719476,07;31495414;5500607,52;14017677,22;6920119,13;1774389,52;0;20316760,02;80024967,41
195;MACKENZIE RJ;Private;2464;6;294;0;0;157;65;52,5;20;41;62;3;15;6;4;28;26;61;15;10;0;0;1;51784;15909;10769208,57;0;292573,41;11061781,98;5179725,69;3272598,49;2367046,85;0;416893,57;0;5616556,05;16852820,65
208;UNAERP;Private;9725;83;1517;84;0;1025;471;46,6;225;209;457;39;91;0;194;236;41;714;222;44;19;4;1;0;35922;115674009;5307456;55167134;176148599;41053114;26025267;21113575;52585969;6510155;1520936;16015027;164824043
213;FECAP;Private;3754;16;521;0;0;630;113;45,6;66;46;112;13;21;0;33;19;61;244;110;18;5;5;1;305;0;52589394,3;0;1456818,6;54046212,9;16387698,16;7791066,65;13612523;13840858,3;1350430;146700;0;53129276,11
224;FMABC;Private;2432;0;342;216;0;226;319;53,4;158;103;316;40;101;0;65;187;64;787;285;84;21;16;1;696;950;115797211;0;15683259,55;131480470,5;47961668,28;11990417,07;18983541,74;46633972,94;0;1780723,84;3217157,65;130567481,5
227;UNISANTOS;Private;5194;109;867;27;0;814;318;52,1;130;181;318;36;277;0;161;142;15;244;92;15;6;0;1;25505;7438;84916985;0;7418294;92335279;25800037;8309200;14656613;17403887;2639243,5;14874348,52;34706813,2;118390142,2
265;FIO;Private;2953;0;421;3;0;419;177;41,8;64;99;177;0;8;14;43;90;30;117;44;6;11;3;0;944;18755;40939728,99;0;2731784,27;43671513,26;14553560,87;5524634;7916621,82;6071,14;4089364,84;78289,09;11502971,5;43671513,26
267;FAESA;Private;2604;0;247;0;0;518;104;46,7;19;72;95;0;0;0;37;66;1;194;64;24;5;0;0;32;9556;24382181;0;22438114;46820295;8438731;3939297;8107498;8008371;644822;250000;1432031;30820750
271;UNOESTE;Private;19519;7;2508;111;1;1654;694;44,7;244;377;694;16;107;0;294;319;81;1211;227;79;36;28;1;149;16833;320174318,6;0;202405252,9;522579571,4;84324990,26;55035512,24;52951814,94;86554102,52;57834100,02;1602963,11;2111388,32;340414871,4
316;UNINOVE;Private;154804;3977;17186;390;0;24173;2407;45,2;879;1181;2257;227;644;0;1156;769;452;2350;346;83;77;49;1;4207;202736;1162173554;0;56837775,42;1219011329;343891743,5;60686778,27;157768046,6;249705488,2;260708956,4;5810867,77;0;1078571881
338;PUC MINAS;Private;50472;391;6551;225;7;5592;2277;49,4;916;1173;2131;366;878;0;631;850;686;2990;831;253;48;5;1;35724;19598;665975403,7;0;17816208,04;683791611,8;287193569,3;79264918,3;146343457,2;133384624,1;12288368,24;0;0;658474937,1
361;FAPSS;Private;205;0;29;0;0;11;17;51,9;7;8;17;0;0;3;1;1;12;21;9;1;0;0;0;0;7800;1251303,79;198679,64;1118583,87;2568567,3;825554,5;156247,61;268805,55;287946,97;0;5000;21545;1565099,63
373;ESP;Private;439;0;77;0;0;65;18;49,3;17;1;18;16;0;0;0;0;18;29;14;9;0;0;0;67;259;3067489,37;3907399,28;67549,26;7042437,91;1847749,9;730947,38;1684193,88;0;71246,49;33676,16;2674624,09;7042437,9
415;FMCMSCSP;Private;1079;37;155;1;0;41;403;53,7;299;75;402;78;105;0;73;328;2;278;64;40;8;6;1;57441;8424;68038645,53;516992,22;18302524,5;86858162,25;20731158,2;11821484,96;21552914,41;23508321,58;920109,29;773112,34;428241,22;79735342
431;FAMEMA;Public;642;12;122;34;0;8;264;54,8;107;63;263;26;72;55;66;142;0;2207;611;125;16;1;1;0;0;8098917,29;35373840,76;0;43472758,05;24973474,91;5816866,74;3226297,02;8305010,18;1097442,2;0;0;43419091,05
489;UNIFOA;Private;6956;132;1034;11;0;798;391;49,4;163;190;377;34;194;0;113;253;14;402;150;41;10;0;1;2091;8757;106163611,2;0;888724,75;107052336;34398245,47;20629928,54;21871496,53;0;0;0;24026785,76;100926456,3
490;CESVA;Private;3231;0;342;0;0;362;153;45,6;47;89;147;0;37;0;89;64;0;204;68;9;2;1;0;1226;8000;86792558,21;40941507,09;2698372,55;130432437,9;28536479,81;27318356,09;20294483,03;27153590,67;2435039,77;6209464,37;9338641,54;121286055,3
501;EMESCAM;Private;1737;95;234;20;0;86;212;51,1;58;115;212;13;100;19;9;179;5;110;34;7;1;2;1;686;11506;73747154,71;0;14492135,2;88239289,91;23929544,75;4213975,35;6942425,59;6668997,2;0;0;29966172,64;71721115,53
528;PUC-Rio;Private;16444;450;2243;517;2;1182;1327;52,7;872;323;1202;470;487;0;485;103;697;1926;595;119;176;94;1;45000;300000;456133705;0;175229801;631363506;185056598;102440281;88916773;266996219;9065118;0;14587909;667062898
546;PUCSP;Private;15218;380;2179;228;0;1118;1411;58,4;988;341;1138;520;966;0;382;818;140;1032;448;129;49;10;1;42;9348;480494324,8;0;42568670,65;523062995,5;175293642;78645241,69;76418515,97;37053797,27;9403733,6;6638745,19;103823310,5;487276986,2
547;UERJ;Public;33208;0;3291;1822;2;4552;2799;51,2;2233;439;2426;1459;2169;1627;680;201;77;2667;1284;1;3;4;1;0;30129;34966733;1645050718;34363154;1714380605;387800912;467705181;290321446;411065044;52175411;28502008;64365858;1701935860
572;UFF;Public;46705;357;4568;1938;12;5583;3543;48,4;2887;528;3297;1312;2171;2700;312;351;0;4662;1915;528;458;95;1;3881;0;11452247,76;2392402677;10234086,66;2414089011;914739510,3;0;228057727,9;460952874,9;30237164,82;881992,3;0;1634869270
573;UFES;Public;24583;509;2806;1122;17;1937;1916;45,8;1530;295;1780;803;1290;1513;202;99;0;1928;361;794;372;46;1;26273;1858;22528384;1095853541;110937524;1229319449;458327795;330071288;137035165,1;200231338;92896754;4253105,43;6504003,43;1229319449
574;UFRRJ;Public;17959;0;1449;598;0;2160;933;50,4;807;106;777;440;440;875;9;25;0;1193;240;297;119;32;1;319;1899;2980251,61;720620416;10000589,61;733601257,2;1;1;594031242,8;70499459;13720348,02;924627,33;0;679175679,2
575;UFMG;Public;35814;942;5096;3936;62;2900;3593;48,2;3153;346;3514;1882;3078;2645;393;512;0;4367;1003;1780;541;151;1;157;788;30944818,02;2183425521;5613492,82;2219983832;578843284;388636716;258040000;429370000;32620000;7503553,79;812187697,9;2507201252
576;UFJF;Public;20353;1163;2476;1001;9;1992;1788;44,9;1320;336;1632;734;1221;1325;229;135;0;1276;281;438;307;35;1;632;16266;142194657,9;860735309,3;283778624;1286708591;266383511,8;97603860,51;121824963,9;79041429,42;27404333,15;67639987,09;108361252,1;768259338
586;UFRJ;Public;50519;645;5114;4300;12;4921;4197;50,6;3640;450;3078;2144;3731;3051;240;187;0;14581;3810;2762;1467;511;1;48133;30753;54890840,44;3744205541;217147563,8;4016243945;836523686,5;1038657126;459415744,6;722379318;21983054,56;7443470,26;929841545,2;4016243945
591;UNIFESP;Public;12095;48;1804;3081;4;1151;1697;49;1650;39;1514;1068;1079;1224;415;44;0;1828;333;593;294;251;1;45000;33178;9330903,46;773126275,8;0;782457179,3;460708343;0;129524360,3;161012093,9;28442404,64;2769977,47;0;782457179,3
592;UFLA;Public;11111;713;1094;989;11;657;827;43,4;723;73;784;316;620;714;93;4;0;586;235;130;111;35;1;0;17903;5945746,98;381258011,8;681787,82;387885546,6;189792253,6;0;50179833,1;72487088,83;50476843,75;0;0;362936019,3
593;CEFET/RJ;Public;7879;206;479;141;0;1457;641;43;310;287;557;85;87;582;38;20;0;570;116;244;114;8;1;0;0;2016424,26;417506345;3776697,28;423299466,5;200862631,3;0;60222254,26;38144429,35;9972940,95;915545,63;104224800,6;414342602,1
594;CEFET/MG;Public;5949;226;590;0;6;944;883;42;456;390;644;226;357;679;111;9;0;728;153;284;164;20;1;50000;100000;6378866;452692288;6842160;465913314;171732478,4;73599633,6;57895660;58343236;8728473;4505719;91108114;465913314
595;UNIFAL-MG;Public;6983;377;786;270;1;576;546;42,7;452;59;505;213;202;449;50;22;0;334;42;148;99;21;1;7;7;1342735,62;227655464,7;98559,59;229096759,9;86990497,46;25567327,69;31862460,61;48289262,41;157724,83;1691613,55;33708222;228267108,6
596;UFVJM;Public;10246;374;1176;317;0;1444;882;40,7;585;219;784;360;549;655;125;36;0;732;147;279;168;20;1;0;0;1581170,73;279177331,7;36389,79;280794892,2;165856632,1;0;44608007,36;44405549,15;12571740,39;566492,07;10812737,37;278821158,4
597;UFTM;Public;7332;348;727;363;3;914;668;42,7;529;122;610;283;540;465;90;76;0;1501;317;625;237;89;1;0;0;497755,63;3679527,41;0;4177283,04;84348966,59;57826226,76;68620051,61;40773973,69;6107667,4;879448,45;0;258556334,5
598;UNIFEI;Public;7986;2;804;250;14;645;521;43,1;405;91;486;208;385;452;40;6;0;367;101;157;62;0;1;0;6000;978934,31;214910133,8;0;215889068,1;75395281,33;25299917,44;45302877,55;43193838,89;11801484,45;50468,57;39516996,57;240560864,8
602;ITA;Public;814;0;133;365;0;34;254;47;230;16;230;128;171;230;9;3;12;122;48;10;5;14;1;202;754875;1549000;37151852,61;0;38700852,61;1;1;1;13956450,51;23307828,8;432000;777675,27;38473957,58
633;IME;Public;297;76;92;77;1;4;200;50,8;147;49;182;104;120;57;118;20;0;297;89;36;17;20;1;0;13315;1601569,73;114665,95;98715507,85;100431743,5;22257304,67;64532218,72;0;9973239,73;533676,84;229331,9;2193636,33;99719408,19
636;ESPM;Private;5073;45;925;33;0;308;241;48,4;140;96;241;21;34;0;100;34;107;413;203;58;20;3;1;10393;16882;315658266,5;0;18263547,4;333921813,9;81089415;50327847,38;83227569,74;88112285,98;28346713,19;18105849,7;863987,97;350073669
664;UVV;Private;12963;0;1562;0;0;1442;473;45,5;169;249;445;41;121;0;190;169;109;248;99;37;9;1;1;1000;1000;146239136,3;44929078,42;474477,13;191642691,9;63476731,37;20557931,06;36414593,95;43196751,94;0;126789,36;0;163772797,7
672;FACENS;Private;5057;0;105;0;0;553;142;44,1;35;74;141;1;41;0;37;62;42;282;103;48;65;2;0;150;1200;67245025,64;0;4261856,69;71506882,33;14913144,5;12334982,8;4388874,28;11399148,37;4220235,6;2722046,98;4107557,4;54085989,93
693;UNIRIO;Public;11706;749;1018;309;0;1418;887;50,8;692;157;867;279;524;640;170;71;0;1951;1043;217;104;28;1;1;14130;776127,97;683934668,4;0;684710796,4;133151467,4;109779160,2;23831494,56;58108399,37;22179075,32;0;0;347049596,8
705;FSJ;Private;3824;0;383;0;0;195;169;43,9;98;68;169;0;98;0;58;47;64;203;76;7;0;0;1;280;10385;22084245,91;0;558209,4;22642455,31;4668328,27;2919814,23;3719031,62;0;2172391,01;813423,43;3750302,25;18043290,81
752;FAPAM;Private;1435;0;165;0;0;104;84;43,3;9;62;83;1;5;0;2;39;42;96;15;15;26;6;0;0;16511;9986996,23;0;121749,45;10108745,68;4546854,11;1531445,58;2263171,05;1875494,56;185569,21;0;415595,7;10818130,21
790;FICSAE;Private;602;22;46;2;0;15;73;48,2;63;8;71;19;68;0;29;43;0;64;17;12;0;0;1;6602;1881;24515711,18;0;0;24515711,18;12451822,1;422287,4;1158669,81;5543159;3639762,82;490314,22;0;23706015,35
802;UNICARIOCA;Private;16944;0;1098;0;0;4406;192;46,3;83;96;187;3;6;0;41;138;13;205;52;13;5;1;1;1;0;121913634,8;0;8405982,29;130319617,1;16117080,54;11052003,42;4289661,84;23685350,5;921422,15;565629,42;8809866,15;65441014,02
849;FAC-FEA;Public;228;33;45;0;0;27;55;55,1;39;13;54;16;23;23;0;7;24;26;11;4;1;0;1;9;2;3191615,08;0;664235,27;3855850,35;1783915,73;354326,44;190241,96;726369,7;116216,72;9200;465868,01;3646138,56
878;UNILESTEMG;Private;6057;68;1283;0;0;829;163;44,3;39;100;160;3;36;0;36;100;24;158;71;26;1;0;1;232;1888;56203462,07;0;4269657,01;60473119,08;15182295,49;5698093,32;9160386,45;7666998,68;1929780,61;462702,88;12709330,91;52809588,34
890;EG;Public;268;2;77;1;0;4;43;47,8;28;14;40;12;33;0;38;0;4;52;3;12;10;21;1;0;0;1423005,94;0;0;1423005,94;1269877,4;528213,62;62415,64;175211,07;0;0;0;2035717,73
905;FACEPD;Private;151;0;24;0;0;4;31;39,5;15;15;27;5;9;0;7;6;14;40;13;0;5;1;0;200;7800;26000564,54;0;772035;26772599,54;813101,87;2993956,25;866708,16;19341838,72;0;0;1173698;25189303
922;FCGD;Private;906;0;162;0;0;93;30;44;7;23;30;0;10;9;0;20;1;42;20;4;0;1;0;60;0;6817221,37;0;32060,74;6849282,11;1488026,95;1240520,48;2132960,62;2104858,65;574760,2;245091,99;19084;7805302,89
923;FACCSR;Private;1545;6;234;0;0;419;47;45,7;13;18;47;0;11;0;14;32;1;18;6;3;0;0;1;4207;202736;8071692,23;0;510895,25;8582587,48;2497051,32;440656,11;1259856,39;2128614,02;158246,47;40358,46;0;6524782,77
944;ESPM RJ;Private;1895;0;231;1;0;157;94;48,4;44;48;94;12;20;0;37;24;33;82;23;12;1;0;1;10393;16882;315658266,5;0;18263547,4;333921813,9;81089415;50327847,38;83227569,74;88112285,98;863987,97;28346713,19;18105849,7;350073669
952;UNISANTA;Private;8073;13;1456;45;0;493;475;52,2;162;273;453;62;61;0;187;234;54;531;247;20;9;2;1;257;8193;153872827;0;5923289,53;159796116,5;42307441,04;13191325;8495488,78;28345565,62;1036691,7;0;665215,69;94041727,83
997;Centro Universitário de Bauru;Private;2436;0;319;0;0;204;119;49,6;34;58;119;10;58;0;9;63;47;80;21;8;13;6;1;3100;3156;31455025,9;0;178571,59;31633597,49;7047420,14;5742066,71;5625271,25;1973845,03;359258,13;38719,86;2495811,55;23282392,67
1027;UENF;Public;2158;0;243;253;8;368;301;52,7;301;0;298;277;122;298;0;0;0;592;418;45;29;14;1;0;0;178782,37;188373194,3;823425,08;189375401,7;61396894,44;44459820,11;30198423,55;47665791,33;261364,86;2070356,85;3322750,57;189375401,7
1043;UNIARARAS;Private;11745;30;1109;12;0;1350;381;40,1;150;187;350;36;51;0;77;130;158;388;174;35;4;3;1;0;1899;187341200;0;0;187341200;33716996;20072280;8161760;102386070;8660299;1988034;0;174985439
1048;FCE;Private;713;0;42;1;0;94;32;43,2;7;21;30;0;0;0;22;7;3;85;26;6;2;2;1;12;16423;2950000;0;0;2950000;504000;234000;268000;833000;687000;58000;17500;2601500
1063;DOCTUM;Private;342;0;44;0;0;148;26;48,5;8;14;26;0;0;0;1;25;0;13;5;3;3;0;0;426;0;215650621;0;1220914,61;216871535,6;38790606,06;24514522,51;13766709,19;38013251,41;3130164;0;89691158,28;207906411,5
1064;DOCTUM;Private;1984;0;249;0;0;272;55;45,5;10;28;55;0;2;0;0;55;0;14;6;2;0;0;0;426;0;215650621;0;1220914,61;216871535,6;38790606,06;24514522,51;13766709,19;38013251,41;3130164;0;89691158,28;207906411,5
1068;FAMA;Private;1283;0;140;0;0;195;35;39,5;12;23;35;0;7;0;12;23;0;26;12;7;1;0;1;735;4000;4808503,25;0;7413221,71;12221724,96;2130444,84;616965,47;946570,85;715442,04;2397146,75;92327,52;3572284,32;10471181,79
1080;FASE;Private;1512;0;170;0;0;164;326;47,7;97;162;176;7;27;0;79;211;29;234;64;74;5;0;0;685;8611;64485091,28;1004177,11;7120970,55;72610238,94;24741662,02;9621753,56;11641065,37;5799711,04;15923055,93;332883,44;1892205,54;69952336,9
1161;Insper;Private;2699;31;376;62;0;161;148;43,9;114;34;135;34;30;0;81;38;29;297;164;56;14;10;1;49252;9083;218149895,2;0;13548337,01;231698232,2;28399624,5;38165768,5;60609274,37;30134753,8;0;1118917,54;47043525,5;205471864,2
1243;DOCTUM;Private;2212;0;358;0;0;572;68;41,9;10;45;68;0;1;0;2;66;0;50;12;6;7;0;0;426;0;215650621;0;1220914,61;216871535,6;38790606,06;24514522,51;13766709,19;38013251,41;3130164;0;89691158,28;207906411,5
1322;EDUVALE;Private;1889;0;131;0;0;292;120;39,4;33;43;120;0;120;0;11;43;66;54;18;5;1;0;0;1;10;10195610;0;0;10195610;4384112;1325429;2243034;356846;917604;509780;203912;9940717
1379;FAESA;Private;5283;0;861;1;0;1056;171;44,1;31;131;171;0;0;1;87;79;4;67;21;8;3;0;0;32;9556;59379600;0;3941387;63320987;11248377;2144806;8031448;15007849;750000;240000;2241302;39663782
1445;CEUN-IMT;Private;4291;36;695;0;0;385;196;49,1;97;92;195;10;53;0;50;63;82;274;123;17;9;3;1;4077;0;113028393,3;0;115867068,5;228895461,9;24866707,29;16443802,16;22235699,38;53002563,42;21269541,17;126794,29;3443192,21;141388299,9
1494;CENTRO UNIVERSITÁRIO CATÓLICO DE VITÓRIA;Private;4286;62;678;0;0;381;161;42,8;26;103;152;3;41;0;33;69;56;123;22;11;0;0;0;471;41;30662378,16;63087,75;766992,14;31492458,05;11495543,66;3772632,53;3837139,09;5770672,22;404034,01;0;2812191,48;28092212,99
1520;FFIA;Private;143;0;37;0;0;10;17;45,2;14;3;17;10;10;0;3;5;9;72;32;5;0;0;0;58;2700;124900652,4;0;4651453,45;129552105,8;14395161,73;52395947,3;16509517,04;39702849,55;3093384,11;743292,5;385425,65;127225577,9
1558;DOCTUM;Private;1927;0;240;0;0;190;55;39,6;9;34;55;0;9;0;0;55;0;32;7;3;7;5;0;426;0;215650621;0;1220914,61;216871535,6;38790606,06;24514522,51;13766709,19;38013251,41;3130164;0;89691158,28;207906411,5
1559;UNESC;Private;4871;2;649;0;0;650;248;41,1;39;108;248;0;14;0;55;57;136;255;42;17;2;1;0;586;8700;93800258,63;0;4813238,85;98613497,48;22543926,82;9215557,28;23709224,92;39970109,38;1684601,75;152407,33;0;97275827,48
1575;UNIARAXÁ;Private;3313;67;458;1;0;400;137;43,2;26;59;116;0;30;0;34;67;36;123;43;37;1;0;1;2534;16988;27877203,45;740893,84;3278588,79;31896686,08;6482737,35;2762431,47;3939577,2;7803523,12;2557227,82;398495,62;7952693,5;31896686,08
1723;STRONG;Private;1052;0;82;0;0;115;52;47,4;25;24;52;0;2;2;6;13;31;9;4;0;1;0;0;950;12000;12288661,43;0;146794,47;12435455,9;3263179,08;1460285,58;1988801,97;2321123,2;0;0;2865622,99;11899012,82
1765;FJB;Private;155;0;15;0;0;140;6;42,5;2;3;6;0;0;0;1;4;1;8;2;1;0;0;1;22203;9145;258247286;0;2720403,15;260967689,2;3845387,9;508903,23;3405153,75;80393344,1;0;0;131809568;219962357
1766;UNICAPE;Private;361;0;89;0;0;88;16;50,2;4;10;16;0;0;0;4;12;0;15;5;0;0;1;0;10;9556;3260465;0;681432;3941897;844303;276822;839028;1082476;60000;65000;72833;3240462
1808;IFES;Public;6865;172;438;23;7;952;996;41,7;433;489;886;118;321;819;111;9;0;1082;138;571;204;24;1;76;129;2856409,39;17497204,55;0;20353613,94;379378897,2;0;26223595,18;82737780,72;9498640,47;1181297,8;0;499020211,4
1810;IFSP;Public;10172;248;436;5;0;2504;2210;42,4;987;989;1953;316;608;1517;414;22;0;1837;510;787;261;45;1;1;6300;2503679,96;1019726380;26313230,5;1048543290;364734891,6;181578606;48081633,39;365153882,1;40289416,86;249127,03;58131322,41;1058218879
1836;UNIFEOB;Private;4807;0;1063;1;0;272;207;43;34;107;172;9;9;0;39;104;55;143;47;13;7;2;0;100;15535;51593548,69;0;2276360,44;53869909,13;8945718,73;8467111,15;11778100,66;28906960,12;4911902,61;0;0;63009793,27
1841;TOLEDO PRUDENTE;Private;3247;30;401;0;0;421;122;42,8;23;65;121;1;2;0;37;84;0;94;27;28;4;0;0;35;8061;33175681,89;0;2326590,72;35502272,61;7933966,31;4230725,14;7927333,93;10536972,28;2045946,44;351013,08;1723312,33;34749269,51
1878;FEI;Private;8894;0;1045;3;0;797;354;54,2;221;101;351;55;83;0;81;7;263;329;126;54;1;1;1;457;142;130443644,7;0;51821684,34;182265329;54340618,17;17301069,47;34686844,51;44588087,8;7715623,89;1004349,7;182090,64;159818684,2
1921;FSB;Private;354;0;17;1;0;120;28;56,8;20;8;25;1;1;0;7;6;14;11;3;0;0;0;1;0;24;1740432,91;650000;10247;2400679,91;1080325,6;330247,8;612228,8;208176,18;113321,15;75234,4;13321,15;2432855,08
1923;FACULDADE ARNALDO JANSSEN;Private;464;0;60;0;0;71;40;41,9;5;26;39;0;0;0;4;5;31;50;10;6;7;1;0;90;0;3495801,31;0;193017,32;3688818,63;1829657,45;512302,91;161159,12;1427047,27;0;0;0;3930166,75
1926;FACULDADE DE ADMINISTRAÇÃO DE CATAGUASES;Private;74;0;1;0;0;20;9;40;3;1;9;0;8;1;0;8;0;7;2;2;2;0;0;0;0;541542;0;323129,89;864671,89;122146,84;221685,84;100326,13;0;0;0;417876,55;862035,36
1930;ISESP;Private;795;0;161;0;0;130;36;45;9;23;35;1;16;1;3;22;9;42;19;8;5;3;0;3;1905;13809236,13;0;6443662,22;20252898,35;3601191,29;2380806,88;2802510,34;2898471,34;528129,72;0;6085609,18;18296718,75
1940;FANS;Private;367;1;67;0;0;24;30;44;1;20;30;1;0;1;0;21;8;20;2;7;6;0;1;0;0;2834192,2;0;209974;3044166,2;1138629,41;405638,36;561456,96;66744,14;0;0;524399,09;2696867,96
1962;ISECENSA;Private;123;0;19;2;0;4;19;51,1;4;8;19;0;3;1;2;5;11;76;21;11;7;7;0;0;0;592576,82;0;0;592576,82;476741,75;48175,6;48382,84;0;0;0;3174,56;576474,75
2015;ISTA;Private;282;0;50;0;0;8;37;53,5;18;18;36;1;5;0;1;2;33;11;3;2;4;1;0;57;11;3013128,27;0;327307,73;3340436;960878,64;288263,59;1083657,42;375828,11;12000;8000;0;2728627,76
2096;FCM;Private;995;0;132;0;0;194;27;41,2;10;13;27;0;0;0;1;26;0;20;3;3;0;0;0;426;0;215650621;0;1220914,61;216871535,6;38790606,06;24514522,51;13766709,19;38013251,41;3130164;0;89691158,28;207906411,5
2397;FACULDADE FUCAPE;Private;427;0;48;21;0;67;37;43;32;5;29;34;16;29;2;1;5;102;32;1;8;24;1;38900;8000;13520451,9;0;388756,42;13909208,32;3764873,43;2185930,9;3416230,93;1242727,4;298527,69;2629667,64;313163,63;13851121,62
2571;FACREDENTOR;Private;5675;0;457;0;0;338;261;39,9;49;102;241;16;53;0;33;212;0;620;193;106;82;28;0;2300;11223;109307428,8;0;6067563,11;115374991,9;25556198,98;3033843,35;12238030,3;19502560,6;6654879,43;11628138,57;34025405,4;112639056,6
2617;FSB/RJ;Private;307;0;15;0;0;159;23;51;15;8;23;0;7;4;0;3;16;8;4;1;0;0;1;0;0;1439281,18;0;0;1439281,18;710787,08;170344,14;465016,75;0;0;0;6757,65;1352905,62
2744;ISE VERA CRUZ;Private;47;0;3;0;0;10;13;48,6;6;6;13;0;1;0;1;3;9;7;3;2;1;0;0;0;0;2756498;0;18291;2774789;1424209;550263;758451;1066048;44041;183610;69169;4095791
2774;FAFIBE;Private;4538;38;666;8;0;964;177;39,5;40;109;175;1;87;0;30;113;33;86;30;25;3;2;1;0;1;37937921,13;0;2670081,45;40608002,58;8666903,74;3475181,77;9064463,79;3547420,56;3290620,23;179126,99;5760,22;28229477,3
2811;FAPCOM;Private;1372;0;206;0;0;281;69;46;25;37;63;0;23;5;8;30;26;39;17;7;0;0;0;59;38;11060937,92;0;7574564,77;18635502,69;5718464,95;2459925,61;1709551;4407361,84;139280;125072,55;323800,8;14883456,75
2849;ESDHC;Private;3309;0;382;18;0;334;109;43,6;40;67;106;19;37;5;27;47;27;390;147;10;93;80;0;1457;7812;46248742,71;54650,24;2190544,28;48493937,23;8125188,22;10089279,17;8794500,26;11634122,15;3944355,7;3425118,48;6187173,25;52199737,23
3163;IFRJ;Public;4481;100;246;2;1;647;704;41,7;360;308;510;45;233;621;69;12;0;882;210;304;132;22;1;0;0;415535391;0;4035197,77;419570588,8;223468703,1;0;68919384,54;52221725,83;5904703,06;821552,11;10528662,85;361864731,5
3308;FTT;Private;1149;12;9;2;0;55;54;46,5;18;36;53;0;6;0;5;12;37;82;35;21;1;0;0;72;0;0;0;369394478;369394478;5600072;1762202;4917175;3288651;211538;143737;3549680;19473055
3368;UNIS-MG;Private;4024;20;579;2;0;553;231;41,4;39;105;197;0;24;0;57;74;100;398;116;53;45;11;1;0;7683;74042472,65;0;5391897,84;79434370,49;23912538,5;11474249,3;8481393,21;21319269,22;978829,81;1415261,26;12342325,63;79923866,93
3430;FAESSA;Private;571;0;45;0;0;164;36;42,4;10;17;36;0;0;0;2;33;1;42;12;3;7;2;0;10500;2014;9482349,46;0;60029,54;9542379;714253,76;574468,92;803866,46;690360,32;0;425904,52;372769,43;3581623,41
3522;FACAPA;Private;104;0;16;0;0;15;25;46,8;7;16;23;2;15;3;0;5;15;10;2;1;1;0;0;1;0;1194109,41;0;48744,76;1242854,17;384593,65;278906,8;190817,39;147454,43;0;28466,41;150221,29;1180459,97
3529;UNIVEM;Private;2027;10;378;2;0;228;108;44,4;22;54;95;12;32;0;20;36;50;86;32;31;2;3;1;45000;11000;30477808,64;364758,26;2018913,78;32861480,68;6749774,99;4354761,58;5403344,82;200326,46;1034893,42;245214,31;14763596,72;32751912,3
3710;ESNS;Private;218;0;45;0;0;18;23;54,5;7;11;23;0;0;0;0;9;14;12;1;8;1;0;1;9;8500;2610637,56;2658572,44;0;5269210;2444423,65;290962,04;1174390,81;1041883,98;1874,55;0;315674,97;5269210
3770;FTBSP;Private;252;0;40;0;0;36;17;53,3;8;9;17;0;0;4;0;0;13;11;6;1;0;0;0;8;48;1900459,96;0;638406,38;2538866,34;574647,81;586808,72;553705,64;449564,54;21991,35;0;128443,94;2315162
3955;FIC;Private;552;4;84;0;0;66;45;44,6;7;15;45;0;4;0;4;18;23;23;6;4;4;0;1;0;7683;74042472,65;0;5391897,84;79434370,49;23912538,5;11474249,3;8481393,21;21319269,22;978829,81;1415261,26;12342325,63;79923866,93
4358;IF SUL DE MINAS;Public;4385;178;477;0;6;526;471;40,3;246;191;445;24;199;377;66;3;6;571;105;270;128;9;1;0;8000;3755505,8;291699473;167405,79;295622384,5;85542732,63;39130725,06;28518100,38;71118069,74;14832352,51;1182238,94;0;240324219,3
4522;UNISALESIANO;Private;8980;56;1029;3;0;194;263;44,9;80;143;255;18;86;28;51;155;21;251;51;27;5;2;0;2700;16000;55085163,47;355355,66;3295907,82;58736426,95;20871836,46;5898565,86;9235394,47;8469417,51;9189874,28;301302,22;2522941,27;56489332,07
4925;UFABC;Public;15888;251;1907;639;6;1720;817;44,7;817;0;796;481;287;808;0;0;0;726;212;324;108;12;1;0;44655;1408790,15;317544577,1;781194,7;319734561,9;120865251,5;46766568,15;76436411,23;46727964,36;20322574,18;9533421,46;239555742,9;560207933,7
4943;SRONG/Santos;Private;224;0;24;0;0;0;25;48,4;12;12;24;1;4;2;2;10;10;5;5;0;0;0;0;950;12000;12288661,43;0;146794,47;12435455,9;3263179,08;1460285,58;1988801,97;2321123,2;0;0;2865622,99;11899012,82
5013;UEZO;Public;1065;13;93;25;0;164;107;45;107;0;104;35;105;0;107;0;0;66;31;4;6;2;0;0;0;1;0;0;1;8026631,37;1089551,03;3312413,81;2623133,52;124719,9;2267857,74;650479,4;18094786,77
5048;FATIPI;Private;60;0;16;0;0;3;11;57,1;6;5;11;0;0;0;1;6;4;9;5;1;1;1;0;0;0;149410,68;1530000,05;476943,59;2156354,32;784230,46;271259,08;590482,74;461557,83;12488,72;20825,49;0;2140844,32
5215;CENTRO UNIVERSITÁRIO PADRE ALBINO;Private;2138;35;411;0;0;174;178;50,4;58;63;148;1;45;0;47;110;20;76;34;16;1;1;1;0;2;44110631,35;0;3014622,04;47125253,39;13931760,62;4628158,43;0;13440701,83;708335,26;0;0;32708956,14
5276;DOCTUM;Private;355;0;51;0;0;34;9;43,9;5;3;9;0;0;0;1;8;0;9;5;0;0;0;0;426;0;215650621;0;1220914,61;216871535,6;38790606,06;24514522,51;13766709,19;38013251,41;3130164;0;89691158,28;207906411,5
5313;FUC;Private;256;3;13;0;0;62;19;38,5;5;7;19;0;2;0;0;19;0;7;1;2;0;0;0;426;0;215650621;0;1220914,61;216871535,6;38790606,06;24514522,51;13766709,19;38013251,41;3130464;0;89691158,28;207906711,5
5314;DOCTUM;Private;645;0;130;0;0;88;23;47,6;8;14;23;0;0;0;1;22;0;20;4;9;1;0;0;426;0;215650621;0;1220914,61;216871535,6;38790606,06;24514522,51;13766709,19;38013251,41;3130164;0;89691158,28;207906411,5
5316;FUL;Private;478;0;60;0;0;65;16;44,7;6;7;16;0;1;0;2;14;0;18;5;1;4;0;0;426;0;215650621;0;1220914,61;216871535,6;38790606,06;24514522,51;13766709,19;38013251,41;3130164;0;89691158,28;207906411,5
5394;FENORD;Private;360;3;53;0;0;48;23;42,2;0;19;23;0;7;2;0;17;4;35;6;5;0;0;0;88;0;4379421,46;0;112157,74;4491579,2;1046201,57;921171,26;1463596,96;507090,76;37907,65;310902,68;0;4286870,88
10385;ITESP;Private;177;0;26;3;0;2;32;58,6;25;7;32;0;0;0;0;0;32;8;2;0;0;0;0;0;0;1425149,8;0;804464,3;2229614,1;632319,72;471329,66;273078,1;569843,13;9530,14;0;79072,27;2035173,02
11289;ESNS-SP;Private;270;0;17;0;0;17;22;53,6;6;11;21;1;1;0;2;11;8;10;6;3;0;0;1;9;8500;3193641,76;2856771,55;0;6050413,31;2531857,77;274678,41;1375345,27;1578608,73;1874,55;0;288048,58;6050413,31
13481;FRB-GV;Private;222;0;21;0;0;15;39;47,6;19;17;39;0;0;0;3;30;6;3;2;0;0;0;0;90;25;1155447,44;0;38015,07;1193462,51;747615,94;216749,57;555806,03;724019,16;0;0;201806,35;2445997,05
14115;Faculdade Presidente Antônio Carlos de Ponte Nova;Private;444;0;59;0;0;60;29;47;4;13;28;1;28;0;6;15;7;17;3;5;2;2;1;5378;7890;4713262,36;0;80267,65;4793530,01;779860,6;519907,07;396682,25;2551812;9496,77;0;7521,28;4265279,97
14165;FATEP;Private;432;0;90;0;0;22;40;39,3;8;16;40;0;0;0;8;18;14;23;5;1;0;0;1;77;7683;74042472,65;0;5391897,84;79434370,49;23912538,5;11474249,3;8481393,21;21319269,22;978829,81;1415261,26;12342325,63;79923866,93
14342;FACREDENTOR/Campos;Private;1048;0;71;0;0;129;81;37,7;20;43;81;0;1;0;5;76;0;107;18;21;46;16;0;2300;11223;109307428,8;0;6067563,11;115374991,9;25556198,98;3033843,35;12238030,3;19502560,6;6654879,43;11628138,57;34025405,4;112639056,6
15401;FIPECAFI;Private;245;0;48;1;0;37;33;41,7;10;23;26;7;8;0;9;24;0;147;77;6;35;7;1;29;8341;31880677,52;0;341578,55;32222256,07;2525467,13;4626089,08;3311355,91;14764064,01;262132,2;0;6478116,42;31967224,75
15452;CENTRO UNIVERSITÁRIO UMA DE BOM DESPACHO;Private;6766;3;741;29;0;1109;198;38,3;50;86;157;0;0;0;50;63;85;213;24;38;41;6;0;179324;94527;70368590,79;0;1050102,69;71418693,48;9954173,24;9109438,7;6536751,48;12710402,04;2668902,53;0;27646561,85;68626229,84
15859;FACAP;Private;609;0;119;0;0;66;39;37,4;9;21;36;0;0;5;0;19;15;60;10;16;22;10;1;900;8000;0;0;35953,55;35953,55;578143,26;445577,25;522097,46;5998875,62;0;0;0;7544693,59
16864;FCI;Private;186;0;5;0;0;3;8;46,5;3;5;8;0;4;4;0;3;1;4;2;1;0;0;0;134;230;1370431,27;0;5709,29;1376140,56;833829,52;491377,95;978118,5;889768,25;0;0;208698,39;3401792,61
